"Sep 2019","Change","Language","Ratings","Changep"
"2","change","C","15.95","0.74"
"1","change","Java","13.48","-3.18"
"3","","Python","10.47","0.59"
"4","","C++","7.11","1.48"
"5","","C#","4.58","1.18"
"6","","Visual Basic","4.12","0.83"
"7","","JavaScript","2.54","0.41"
"9","change","PHP","2.49","0.62"
"19","change","R","2.37","1.33"
"8","change","SQL","1.76","-0.19"
"14","change","Go","1.46","0.24"
"16","change","Swift","1.38","0.28"
"20","change","Perl","1.30","0.26"
"12","change","Assembly language","1.30","-0.08"
"15","","Ruby","1.24","0.03"
